Population,response,SE,df,asymp.LCL,asymp.UCL
MB-CRN,4.40833333333329,0.563375965187466,Inf,3.43156803154144,5.66312618580025
MB-MR,3.40336134453778,0.444167391070732,Inf,2.63523332232241,4.39538629971715
