Population,response,SE,df,asymp.LCL,asymp.UCL
MB-CRN,0.641666666666667,0.236880561398912,Inf,0.31122614790087,1.3229483251589
MB-MR,0.647058823529414,0.239777451730735,Inf,0.312981115406725,1.3377328551059
