Population,response,SE,df,asymp.LCL,asymp.UCL
MB-CRN,1.875,0.258926187834827,Inf,1.43039332360402,2.45780299864798
MB-MR,1.26050420168067,0.184460779382247,Inf,0.946194486203954,1.67922225887093
