Population,response,SE,df,asymp.LCL,asymp.UCL
AB-HSC,2.0611536221255e-10,7.94908825317836e-07,Inf,2.22044604925031e-16,Inf
AB-LL,0.083333333333335,0.0391945284901863,Inf,0.0331489240274948,0.209492303239911
AB-RL,2.06115362244069e-10,7.94908825469607e-07,Inf,2.22044604925031e-16,Inf
AB-RO,2.06115362243859e-10,7.94908825469343e-07,Inf,2.22044604925031e-16,Inf
MN-PMG,0.208333333333315,0.187044814019704,Inf,0.0358539623232763,1.21054340902213
ND-BSP,0.274999999999991,0.107044406503402,Inf,0.128233194405588,0.589745894973194
SD-MUD,0.596638655462116,0.220286155695155,Inf,0.289359374415933,1.23022689660626
SD-PMG,0.304347826086913,0.267978228718897,Inf,0.0541860302504359,1.70943689389544
WA-BLK,0.0833333333333214,0.0876416301238895,Inf,0.0106074370768033,0.654676939788672
